{
    "num_conv_layers": 3,
    "dense_units": 512,
    "dropout_rate": 0.2980834864762962,
    "learning_rate": 0.0003098104073106428,
    "conv_0_filters": 64,
    "conv_1_filters": 128,
    "conv_2_filters": 64
}