{
    "num_conv_layers": 4,
    "dense_units": 128,
    "dropout_rate": 0.2021801285604366,
    "learning_rate": 0.0004030925577792351,
    "conv_0_filters": 16,
    "conv_1_filters": 128,
    "conv_2_filters": 64,
    "conv_3_filters": 32
}