{
    "num_conv_layers": 3,
    "dense_units": 256,
    "dropout_rate": 0.20238952308408642,
    "learning_rate": 0.0002347955083949647,
    "conv_0_filters": 32,
    "conv_1_filters": 16,
    "conv_2_filters": 128
}